2008-10-04,Pittsburgh Penguins,4,Ottawa Senators,3,OT,"at Stockholm, SE"
2008-10-04,New York Rangers,2,Tampa Bay Lightning,1,,"at Prague, CZ"
2008-10-05,Tampa Bay Lightning,1,New York Rangers,2,,"at Prague, CZ"
2008-10-05,Ottawa Senators,3,Pittsburgh Penguins,1,,"at Stockholm, SE"
2008-10-09,Boston Bruins,5,Colorado Avalanche,4,,
2008-10-09,Toronto Maple Leafs,3,Detroit Red Wings,2,,
2008-10-09,Anaheim Ducks,1,San Jose Sharks,4,,
2008-10-09,Calgary Flames,0,Vancouver Canucks,6,,
2008-10-10,Washington Capitals,4,Atlanta Thrashers,7,,
2008-10-10,Montreal Canadiens,1,Buffalo Sabres,2,SO,
2008-10-10,Florida Panthers,4,Carolina Hurricanes,6,,
2008-10-10,Columbus Blue Jackets,5,Dallas Stars,4,OT,
2008-10-10,New York Islanders,1,New Jersey Devils,2,,
2008-10-10,Chicago Blackhawks,2,New York Rangers,4,,
2008-10-10,Nashville Predators,2,St. Louis Blues,5,,
2008-10-11,Vancouver Canucks,5,Calgary Flames,4,OT,
2008-10-11,Atlanta Thrashers,2,Florida Panthers,3,OT,
2008-10-11,Boston Bruins,3,Minnesota Wild,4,,
2008-10-11,Dallas Stars,1,Nashville Predators,3,,
2008-10-11,St. Louis Blues,2,New York Islanders,5,,
2008-10-11,Detroit Red Wings,3,Ottawa Senators,2,,
2008-10-11,New York Rangers,4,Philadelphia Flyers,3,,
2008-10-11,Columbus Blue Jackets,1,Phoenix Coyotes,3,,
2008-10-11,New Jersey Devils,2,Pittsburgh Penguins,1,OT,
2008-10-11,Los Angeles Kings,1,San Jose Sharks,3,,
2008-10-11,Carolina Hurricanes,4,Tampa Bay Lightning,3,OT,
2008-10-11,Montreal Canadiens,6,Toronto Maple Leafs,1,,
2008-10-11,Chicago Blackhawks,2,Washington Capitals,4,,
2008-10-12,Phoenix Coyotes,4,Anaheim Ducks,2,,
2008-10-12,Colorado Avalanche,2,Edmonton Oilers,3,,
2008-10-12,San Jose Sharks,1,Los Angeles Kings,0,,
2008-10-13,Detroit Red Wings,3,Carolina Hurricanes,1,,
2008-10-13,Nashville Predators,3,Chicago Blackhawks,2,SO,
2008-10-13,Buffalo Sabres,7,New York Islanders,1,,
2008-10-13,New Jersey Devils,1,New York Rangers,4,,
2008-10-13,Montreal Canadiens,5,Philadelphia Flyers,3,,
2008-10-13,St. Louis Blues,5,Toronto Maple Leafs,4,SO,
2008-10-13,Vancouver Canucks,1,Washington Capitals,5,,
2008-10-14,Minnesota Wild,4,Atlanta Thrashers,2,,
2008-10-14,Colorado Avalanche,4,Calgary Flames,5,,
2008-10-14,Anaheim Ducks,3,Los Angeles Kings,6,,
2008-10-14,Philadelphia Flyers,2,Pittsburgh Penguins,3,OT,
2008-10-14,Columbus Blue Jackets,2,San Jose Sharks,5,,
2008-10-15,Edmonton Oilers,3,Anaheim Ducks,2,,
2008-10-15,Phoenix Coyotes,1,Chicago Blackhawks,4,,
2008-10-15,Nashville Predators,4,Dallas Stars,6,,
2008-10-15,Boston Bruins,3,Montreal Canadiens,4,SO,
2008-10-15,Buffalo Sabres,3,New York Rangers,1,,
2008-10-16,New Jersey Devils,1,Atlanta Thrashers,0,,
2008-10-16,Philadelphia Flyers,2,Colorado Avalanche,5,,
2008-10-16,Vancouver Canucks,4,Detroit Red Wings,3,OT,
2008-10-16,Minnesota Wild,6,Florida Panthers,2,,
2008-10-16,Washington Capitals,4,Pittsburgh Penguins,3,,
2008-10-16,Dallas Stars,1,St. Louis Blues,6,,
2008-10-16,New York Islanders,4,Tampa Bay Lightning,3,OT,
2008-10-17,San Jose Sharks,0,Anaheim Ducks,4,,
2008-10-17,Vancouver Canucks,2,Buffalo Sabres,5,,
2008-10-17,Nashville Predators,3,Columbus Blue Jackets,5,,
2008-10-17,Edmonton Oilers,4,Calgary Flames,3,,
2008-10-17,Carolina Hurricanes,3,Los Angeles Kings,4,OT,
2008-10-17,Toronto Maple Leafs,0,New York Rangers,1,SO,
2008-10-17,Phoenix Coyotes,3,Ottawa Senators,6,,
2008-10-18,Buffalo Sabres,2,Atlanta Thrashers,3,SO,
2008-10-18,Colorado Avalanche,5,Dallas Stars,4,,
2008-10-18,New York Rangers,4,Detroit Red Wings,5,OT,
2008-10-18,Calgary Flames,2,Edmonton Oilers,3,,
2008-10-18,New York Islanders,0,Florida Panthers,2,,
2008-10-18,Phoenix Coyotes,1,Montreal Canadiens,4,,
2008-10-18,Columbus Blue Jackets,3,Nashville Predators,6,,
2008-10-18,Boston Bruins,4,Ottawa Senators,2,,
2008-10-18,Toronto Maple Leafs,1,Pittsburgh Penguins,4,,
2008-10-18,Philadelphia Flyers,4,San Jose Sharks,5,OT,
2008-10-18,Chicago Blackhawks,3,St. Louis Blues,4,SO,
2008-10-18,Minnesota Wild,1,Tampa Bay Lightning,0,SO,
2008-10-18,New Jersey Devils,4,Washington Capitals,3,SO,
2008-10-19,Carolina Hurricanes,3,Anaheim Ducks,1,,
2008-10-19,Vancouver Canucks,2,Chicago Blackhawks,4,,
2008-10-20,Pittsburgh Penguins,2,Boston Bruins,1,SO,
2008-10-20,Colorado Avalanche,4,Los Angeles Kings,3,,
2008-10-20,Florida Panthers,1,Montreal Canadiens,3,,
2008-10-20,Dallas Stars,2,New York Rangers,1,,
2008-10-21,Boston Bruins,2,Buffalo Sabres,3,SO,
2008-10-21,Vancouver Canucks,2,Columbus Blue Jackets,4,,
2008-10-21,Washington Capitals,1,Calgary Flames,2,,
2008-10-21,Atlanta Thrashers,2,Tampa Bay Lightning,3,OT,
2008-10-21,Anaheim Ducks,3,Toronto Maple Leafs,2,SO,
2008-10-22,Edmonton Oilers,0,Chicago Blackhawks,3,,
2008-10-22,Dallas Stars,0,New Jersey Devils,5,,
2008-10-22,Florida Panthers,3,Ottawa Senators,1,,
2008-10-22,San Jose Sharks,7,Philadelphia Flyers,6,SO,
2008-10-22,Detroit Red Wings,4,St. Louis Blues,3,,
2008-10-23,Toronto Maple Leafs,4,Boston Bruins,2,,
2008-10-23,Edmonton Oilers,1,Colorado Avalanche,4,,
2008-10-23,Buffalo Sabres,4,Minnesota Wild,3,OT,
2008-10-23,Calgary Flames,5,Nashville Predators,3,,
2008-10-23,Dallas Stars,5,New York Islanders,3,,
2008-10-23,Washington Capitals,1,Phoenix Coyotes,2,,
2008-10-23,Carolina Hurricanes,1,Pittsburgh Penguins,4,,
2008-10-24,New York Rangers,3,Columbus Blue Jackets,1,,
2008-10-24,Atlanta Thrashers,3,Detroit Red Wings,5,,
2008-10-24,San Jose Sharks,3,Florida Panthers,4,,
2008-10-24,Philadelphia Flyers,6,New Jersey Devils,3,,
2008-10-24,Anaheim Ducks,4,Ottawa Senators,3,,
2008-10-24,Los Angeles Kings,4,St. Louis Blues,0,,
2008-10-25,Atlanta Thrashers,4,Boston Bruins,5,,
2008-10-25,Detroit Red Wings,6,Chicago Blackhawks,5,SO,
2008-10-25,Buffalo Sabres,1,Colorado Avalanche,2,SO,
2008-10-25,Washington Capitals,6,Dallas Stars,5,OT,
2008-10-25,Columbus Blue Jackets,1,Minnesota Wild,2,,
2008-10-25,Anaheim Ducks,6,Montreal Canadiens,4,,
2008-10-25,Los Angeles Kings,4,Nashville Predators,5,,
2008-10-25,Carolina Hurricanes,4,New York Islanders,3,,
2008-10-25,Pittsburgh Penguins,2,New York Rangers,3,SO,
2008-10-25,New Jersey Devils,2,Philadelphia Flyers,3,OT,
2008-10-25,Calgary Flames,4,Phoenix Coyotes,1,,
2008-10-25,Florida Panthers,0,St. Louis Blues,4,,
2008-10-25,San Jose Sharks,3,Tampa Bay Lightning,0,,
2008-10-25,Ottawa Senators,2,Toronto Maple Leafs,3,,
2008-10-25,Edmonton Oilers,3,Vancouver Canucks,6,,
2008-10-27,Ottawa Senators,5,Buffalo Sabres,2,,
2008-10-27,Anaheim Ducks,3,Columbus Blue Jackets,2,,
2008-10-27,Boston Bruins,1,Edmonton Oilers,0,OT,
2008-10-27,Detroit Red Wings,4,Los Angeles Kings,3,SO,
2008-10-27,Chicago Blackhawks,2,Minnesota Wild,3,,
2008-10-27,New York Rangers,4,New York Islanders,2,,
2008-10-28,Philadelphia Flyers,7,Atlanta Thrashers,0,,
2008-10-28,Colorado Avalanche,0,Calgary Flames,3,,
2008-10-28,Carolina Hurricanes,2,Montreal Canadiens,3,SO,
2008-10-28,Pittsburgh Penguins,1,San Jose Sharks,2,,
2008-10-28,Tampa Bay Lightning,3,Toronto Maple Leafs,2,,
2008-10-28,Boston Bruins,1,Vancouver Canucks,0,,
2008-10-28,Nashville Predators,3,Washington Capitals,4,SO,
2008-10-29,Detroit Red Wings,4,Anaheim Ducks,5,OT,
2008-10-29,Minnesota Wild,2,Dallas Stars,4,,
2008-10-29,Toronto Maple Leafs,6,New Jersey Devils,5,SO,
2008-10-30,Tampa Bay Lightning,5,Buffalo Sabres,2,,
2008-10-30,Boston Bruins,2,Calgary Flames,3,,
2008-10-30,Columbus Blue Jackets,4,Colorado Avalanche,2,,
2008-10-30,Ottawa Senators,2,Florida Panthers,1,,
2008-10-30,Vancouver Canucks,4,Los Angeles Kings,0,,
2008-10-30,Montreal Canadiens,2,Minnesota Wild,1,,
2008-10-30,Edmonton Oilers,1,Nashville Predators,3,,
2008-10-30,Atlanta Thrashers,2,New York Rangers,3,,
2008-10-30,New York Islanders,2,Philadelphia Flyers,3,OT,
2008-10-30,Pittsburgh Penguins,1,Phoenix Coyotes,4,,
2008-10-30,Detroit Red Wings,2,San Jose Sharks,4,,
2008-10-30,Carolina Hurricanes,1,St. Louis Blues,0,,
2008-10-31,Vancouver Canucks,7,Anaheim Ducks,6,SO,
2008-10-31,Dallas Stars,2,Chicago Blackhawks,5,,
2008-11-01,Dallas Stars,1,Boston Bruins,5,,
2008-11-01,Washington Capitals,0,Buffalo Sabres,5,,
2008-11-01,Edmonton Oilers,3,Carolina Hurricanes,1,,
2008-11-01,Chicago Blackhawks,4,Columbus Blue Jackets,3,SO,
2008-11-01,Calgary Flames,3,Los Angeles Kings,2,,
2008-11-01,Atlanta Thrashers,1,New Jersey Devils,6,,
2008-11-01,Florida Panthers,2,Nashville Predators,3,SO,
2008-11-01,Montreal Canadiens,5,New York Islanders,4,,
2008-11-01,Minnesota Wild,3,Phoenix Coyotes,2,,
2008-11-01,Pittsburgh Penguins,6,St. Louis Blues,3,,
2008-11-01,Ottawa Senators,2,Tampa Bay Lightning,3,SO,
2008-11-01,New York Rangers,2,Toronto Maple Leafs,5,,
2008-11-02,Calgary Flames,2,Anaheim Ducks,3,,
2008-11-02,Florida Panthers,3,Atlanta Thrashers,5,,
2008-11-02,Toronto Maple Leafs,4,Carolina Hurricanes,6,,
2008-11-02,San Jose Sharks,5,Colorado Avalanche,3,,
2008-11-02,Edmonton Oilers,5,Philadelphia Flyers,4,,
2008-11-02,Detroit Red Wings,3,Vancouver Canucks,2,,
2008-11-03,Colorado Avalanche,2,Chicago Blackhawks,6,,
2008-11-03,Buffalo Sabres,2,New Jersey Devils,0,,
2008-11-03,Columbus Blue Jackets,3,New York Islanders,4,OT,
2008-11-04,Phoenix Coyotes,4,Calgary Flames,2,,
2008-11-04,Anaheim Ducks,1,Los Angeles Kings,0,OT,
2008-11-04,New York Islanders,2,New York Rangers,1,,
2008-11-04,Washington Capitals,1,Ottawa Senators,2,OT,
2008-11-04,Minnesota Wild,1,San Jose Sharks,3,,
2008-11-04,Carolina Hurricanes,5,Toronto Maple Leafs,4,OT,
2008-11-04,Nashville Predators,0,Vancouver Canucks,4,,
2008-11-05,St. Louis Blues,2,Anaheim Ducks,5,,
2008-11-05,Edmonton Oilers,4,Columbus Blue Jackets,5,,
2008-11-05,Tampa Bay Lightning,3,New Jersey Devils,4,SO,
2008-11-06,New York Islanders,3,Atlanta Thrashers,4,,
2008-11-06,Toronto Maple Leafs,2,Boston Bruins,5,,
2008-11-06,Nashville Predators,6,Calgary Flames,7,,
2008-11-06,Minnesota Wild,3,Colorado Avalanche,1,,
2008-11-06,Florida Panthers,2,Los Angeles Kings,3,,
2008-11-06,Tampa Bay Lightning,2,New York Rangers,5,,
2008-11-06,Philadelphia Flyers,1,Ottawa Senators,4,,
2008-11-06,Edmonton Oilers,4,Pittsburgh Penguins,5,,
2008-11-06,St. Louis Blues,4,San Jose Sharks,5,SO,
2008-11-06,Phoenix Coyotes,0,Vancouver Canucks,1,,
2008-11-06,Carolina Hurricanes,2,Washington Capitals,3,,
2008-11-07,Dallas Stars,5,Anaheim Ducks,2,,
2008-11-07,Atlanta Thrashers,5,Buffalo Sabres,4,OT,
2008-11-07,Ottawa Senators,1,Carolina Hurricanes,2,,
2008-11-07,Montreal Canadiens,3,Columbus Blue Jackets,4,SO,
2008-11-08,Buffalo Sabres,1,Boston Bruins,3,,
2008-11-08,Calgary Flames,1,Columbus Blue Jackets,3,,
2008-11-08,Nashville Predators,0,Colorado Avalanche,1,,
2008-11-08,New Jersey Devils,1,Detroit Red Wings,3,,
2008-11-08,St. Louis Blues,3,Los Angeles Kings,5,,
2008-11-08,Pittsburgh Penguins,4,New York Islanders,3,SO,
2008-11-08,Tampa Bay Lightning,2,Philadelphia Flyers,1,,
2008-11-08,Florida Panthers,1,Phoenix Coyotes,4,,
2008-11-08,Dallas Stars,1,San Jose Sharks,2,,
2008-11-08,Montreal Canadiens,3,Toronto Maple Leafs,6,,
2008-11-08,Minnesota Wild,0,Vancouver Canucks,2,,
2008-11-08,New York Rangers,1,Washington Capitals,3,,
2008-11-09,Florida Panthers,3,Anaheim Ducks,1,,
2008-11-09,Atlanta Thrashers,5,Carolina Hurricanes,2,,
2008-11-09,Calgary Flames,1,Chicago Blackhawks,6,,
2008-11-09,Edmonton Oilers,2,New Jersey Devils,1,,
2008-11-09,San Jose Sharks,2,Phoenix Coyotes,4,,
2008-11-10,Edmonton Oilers,3,New York Rangers,2,SO,
2008-11-10,Tampa Bay Lightning,2,Washington Capitals,4,,
2008-11-11,Toronto Maple Leafs,3,Calgary Flames,4,,
2008-11-11,Pittsburgh Penguins,7,Detroit Red Wings,6,OT,
2008-11-11,Dallas Stars,2,Los Angeles Kings,3,SO,
2008-11-11,Ottawa Senators,0,Montreal Canadiens,4,,
2008-11-11,Philadelphia Flyers,3,New York Islanders,1,,
2008-11-11,Nashville Predators,4,San Jose Sharks,3,OT,
2008-11-12,St. Louis Blues,3,Buffalo Sabres,4,,
2008-11-12,Washington Capitals,5,Carolina Hurricanes,1,,
2008-11-12,Phoenix Coyotes,5,Columbus Blue Jackets,2,,
2008-11-12,Boston Bruins,2,Chicago Blackhawks,1,SO,
2008-11-12,Tampa Bay Lightning,0,Florida Panthers,4,,
2008-11-12,New York Rangers,5,New Jersey Devils,2,,
2008-11-12,Colorado Avalanche,2,Vancouver Canucks,1,SO,
2008-11-13,Montreal Canadiens,1,Boston Bruins,6,,
2008-11-13,Los Angeles Kings,3,Dallas Stars,2,,
2008-11-13,Toronto Maple Leafs,5,Edmonton Oilers,2,,
2008-11-13,Phoenix Coyotes,0,Minnesota Wild,4,,
2008-11-13,New York Islanders,3,Ottawa Senators,1,,
2008-11-13,Philadelphia Flyers,4,Pittsburgh Penguins,5,SO,
2008-11-13,Calgary Flames,1,San Jose Sharks,6,,
2008-11-13,Detroit Red Wings,4,Tampa Bay Lightning,3,,
2008-11-14,Nashville Predators,4,Anaheim Ducks,3,OT,
2008-11-14,Carolina Hurricanes,2,Atlanta Thrashers,3,,
2008-11-14,Columbus Blue Jackets,6,Buffalo Sabres,1,,
2008-11-14,St. Louis Blues,4,Chicago Blackhawks,3,OT,
2008-11-14,Detroit Red Wings,3,Florida Panthers,2,,
2008-11-14,New Jersey Devils,1,Washington Capitals,3,,
2008-11-15,Colorado Avalanche,3,Edmonton Oilers,2,SO,
2008-11-15,Nashville Predators,3,Los Angeles Kings,1,,
2008-11-15,Columbus Blue Jackets,2,Minnesota Wild,3,SO,
2008-11-15,Philadelphia Flyers,2,Montreal Canadiens,1,,
2008-11-15,Washington Capitals,5,New Jersey Devils,6,SO,
2008-11-15,Ottawa Senators,2,New York Islanders,3,,
2008-11-15,Boston Bruins,2,New York Rangers,3,SO,
2008-11-15,Dallas Stars,3,Phoenix Coyotes,2,,
2008-11-15,Buffalo Sabres,2,Pittsburgh Penguins,5,,
2008-11-15,Toronto Maple Leafs,2,Vancouver Canucks,4,,
2008-11-16,Los Angeles Kings,0,Anaheim Ducks,2,,
2008-11-16,Tampa Bay Lightning,2,Carolina Hurricanes,3,SO,
2008-11-16,San Jose Sharks,6,Chicago Blackhawks,5,,
2008-11-16,Atlanta Thrashers,3,Philadelphia Flyers,4,,
2008-11-16,Montreal Canadiens,3,St. Louis Blues,2,SO,
2008-11-17,Edmonton Oilers,0,Detroit Red Wings,4,,
2008-11-17,San Jose Sharks,4,Nashville Predators,1,,
2008-11-17,Vancouver Canucks,1,New York Islanders,2,SO,
2008-11-17,Ottawa Senators,1,New York Rangers,2,SO,
2008-11-17,Boston Bruins,3,Toronto Maple Leafs,2,,
2008-11-18,Montreal Canadiens,1,Carolina Hurricanes,2,,
2008-11-18,Edmonton Oilers,7,Columbus Blue Jackets,2,,
2008-11-18,Colorado Avalanche,1,Calgary Flames,4,,
2008-11-18,Chicago Blackhawks,3,Phoenix Coyotes,2,SO,
2008-11-18,Minnesota Wild,2,Pittsburgh Penguins,1,SO,
2008-11-18,Florida Panthers,4,Tampa Bay Lightning,3,SO,
2008-11-19,Washington Capitals,6,Anaheim Ducks,4,,
2008-11-19,Buffalo Sabres,4,Boston Bruins,7,,
2008-11-19,Vancouver Canucks,6,New York Rangers,3,,
2008-11-20,Pittsburgh Penguins,3,Atlanta Thrashers,2,,
2008-11-20,Calgary Flames,1,Colorado Avalanche,0,,
2008-11-20,Chicago Blackhawks,6,Dallas Stars,3,,
2008-11-20,Detroit Red Wings,4,Edmonton Oilers,3,,
2008-11-20,Washington Capitals,2,Los Angeles Kings,5,,
2008-11-20,Vancouver Canucks,3,Minnesota Wild,2,,
2008-11-20,Florida Panthers,1,New Jersey Devils,3,,
2008-11-20,Montreal Canadiens,3,Ottawa Senators,2,SO,
2008-11-21,Florida Panthers,2,Boston Bruins,4,,
2008-11-21,Philadelphia Flyers,3,Buffalo Sabres,0,,
2008-11-21,Phoenix Coyotes,2,Carolina Hurricanes,5,,
2008-11-21,New York Islanders,2,New Jersey Devils,5,,
2008-11-21,Anaheim Ducks,2,St. Louis Blues,3,OT,
2008-11-21,Nashville Predators,1,Tampa Bay Lightning,4,,
2008-11-22,Columbus Blue Jackets,2,Atlanta Thrashers,0,,
2008-11-22,New York Islanders,4,Buffalo Sabres,2,,
2008-11-22,Detroit Red Wings,5,Calgary Flames,2,,
2008-11-22,Anaheim Ducks,2,Dallas Stars,1,SO,
2008-11-22,Colorado Avalanche,4,Los Angeles Kings,3,SO,
2008-11-22,St. Louis Blues,2,Minnesota Wild,1,,
2008-11-22,Boston Bruins,3,Montreal Canadiens,2,SO,
2008-11-22,New York Rangers,1,Ottawa Senators,4,,
2008-11-22,Phoenix Coyotes,3,Philadelphia Flyers,4,OT,
2008-11-22,Vancouver Canucks,3,Pittsburgh Penguins,1,,
2008-11-22,Washington Capitals,2,San Jose Sharks,7,,
2008-11-22,Chicago Blackhawks,5,Toronto Maple Leafs,4,OT,
2008-11-23,Nashville Predators,5,Carolina Hurricanes,2,,
2008-11-23,New Jersey Devils,7,Tampa Bay Lightning,3,,
2008-11-24,Colorado Avalanche,1,Anaheim Ducks,4,,
2008-11-24,Carolina Hurricanes,2,Florida Panthers,3,,
2008-11-24,Washington Capitals,3,Minnesota Wild,4,,
2008-11-24,New York Islanders,4,Montreal Canadiens,3,SO,
2008-11-24,Phoenix Coyotes,1,New York Rangers,4,,
2008-11-24,Dallas Stars,3,Philadelphia Flyers,4,,
2008-11-24,Detroit Red Wings,2,Vancouver Canucks,3,OT,
2008-11-25,Los Angeles Kings,2,Calgary Flames,6,,
2008-11-25,St. Louis Blues,1,Nashville Predators,0,SO,
2008-11-25,Atlanta Thrashers,6,Toronto Maple Leafs,3,,
2008-11-26,Boston Bruins,2,Buffalo Sabres,3,,
2008-11-26,Philadelphia Flyers,3,Carolina Hurricanes,1,,
2008-11-26,Phoenix Coyotes,3,Columbus Blue Jackets,2,,
2008-11-26,St. Louis Blues,1,Colorado Avalanche,3,,
2008-11-26,Montreal Canadiens,3,Detroit Red Wings,1,,
2008-11-26,Los Angeles Kings,2,Edmonton Oilers,1,,
2008-11-26,New Jersey Devils,3,Florida Panthers,2,OT,
2008-11-26,Dallas Stars,4,Minnesota Wild,3,,
2008-11-26,Pittsburgh Penguins,5,New York Islanders,3,,
2008-11-26,Chicago Blackhawks,2,San Jose Sharks,3,OT,
2008-11-26,New York Rangers,3,Tampa Bay Lightning,2,SO,
2008-11-26,Atlanta Thrashers,3,Washington Capitals,5,,
2008-11-27,Toronto Maple Leafs,1,Ottawa Senators,2,SO,
2008-11-27,Calgary Flames,4,Vancouver Canucks,3,,
2008-11-28,Chicago Blackhawks,0,Anaheim Ducks,1,,
2008-11-28,Nashville Predators,4,Atlanta Thrashers,3,OT,
2008-11-28,New York Islanders,2,Boston Bruins,7,,
2008-11-28,Pittsburgh Penguins,3,Buffalo Sabres,4,,
2008-11-28,San Jose Sharks,6,Dallas Stars,2,,
2008-11-28,Columbus Blue Jackets,3,Detroit Red Wings,5,,
2008-11-28,New York Rangers,4,Florida Panthers,3,SO,
2008-11-28,Tampa Bay Lightning,2,Minnesota Wild,4,,
2008-11-28,Carolina Hurricanes,3,Philadelphia Flyers,2,OT,
2008-11-28,Colorado Avalanche,1,Phoenix Coyotes,2,,
2008-11-28,Montreal Canadiens,0,Washington Capitals,3,,
2008-11-29,Detroit Red Wings,1,Boston Bruins,4,,
2008-11-29,Washington Capitals,0,Columbus Blue Jackets,3,,
2008-11-29,Vancouver Canucks,1,Calgary Flames,3,,
2008-11-29,Tampa Bay Lightning,3,Colorado Avalanche,4,,
2008-11-29,Chicago Blackhawks,2,Los Angeles Kings,5,,
2008-11-29,Buffalo Sabres,2,Montreal Canadiens,3,,
2008-11-29,Minnesota Wild,6,Nashville Predators,2,,
2008-11-29,Ottawa Senators,2,New York Islanders,4,,
2008-11-29,San Jose Sharks,3,Phoenix Coyotes,2,,
2008-11-29,New Jersey Devils,1,Pittsburgh Penguins,4,,
2008-11-29,Edmonton Oilers,4,St. Louis Blues,2,,
2008-11-29,Philadelphia Flyers,2,Toronto Maple Leafs,4,,
2008-11-30,St. Louis Blues,4,Atlanta Thrashers,2,,
2008-11-30,Anaheim Ducks,4,Carolina Hurricanes,1,,
2008-11-30,Edmonton Oilers,3,Dallas Stars,4,,
2008-11-30,Florida Panthers,4,New York Rangers,0,,
2008-12-01,Nashville Predators,2,Buffalo Sabres,0,,
2008-12-01,Vancouver Canucks,2,Columbus Blue Jackets,3,,
2008-12-01,Anaheim Ducks,1,Detroit Red Wings,2,,
2008-12-01,Toronto Maple Leafs,3,Los Angeles Kings,1,,
2008-12-01,Colorado Avalanche,6,Minnesota Wild,5,,
2008-12-02,Dallas Stars,3,Calgary Flames,1,,
2008-12-02,Atlanta Thrashers,4,Montreal Canadiens,5,,
2008-12-02,Tampa Bay Lightning,3,Philadelphia Flyers,4,OT,
2008-12-02,Los Angeles Kings,2,Phoenix Coyotes,4,,
2008-12-02,Toronto Maple Leafs,2,San Jose Sharks,5,,
2008-12-02,Florida Panthers,5,Washington Capitals,3,,
2008-12-03,Anaheim Ducks,2,Chicago Blackhawks,4,,
2008-12-03,Dallas Stars,2,Edmonton Oilers,5,,
2008-12-03,St. Louis Blues,0,Minnesota Wild,4,,
2008-12-03,Pittsburgh Penguins,2,New York Rangers,3,SO,
2008-12-03,Atlanta Thrashers,1,Ottawa Senators,5,,
2008-12-04,Pittsburgh Penguins,5,Carolina Hurricanes,2,,
2008-12-04,Vancouver Canucks,5,Detroit Red Wings,6,,
2008-12-04,Buffalo Sabres,1,Florida Panthers,2,,
2008-12-04,New York Rangers,2,Montreal Canadiens,6,,
2008-12-04,Colorado Avalanche,2,Nashville Predators,3,,
2008-12-04,New Jersey Devils,3,Philadelphia Flyers,2,OT,
2008-12-04,Toronto Maple Leafs,3,Phoenix Coyotes,6,,
2008-12-04,Columbus Blue Jackets,2,San Jose Sharks,3,,
2008-12-04,Boston Bruins,3,Tampa Bay Lightning,1,,
2008-12-04,New York Islanders,2,Washington Capitals,5,,
2008-12-05,Colorado Avalanche,1,Dallas Stars,2,SO,
2008-12-05,Edmonton Oilers,5,Los Angeles Kings,4,SO,
2008-12-05,Vancouver Canucks,2,Minnesota Wild,1,,
2008-12-05,Calgary Flames,4,St. Louis Blues,3,OT,
2008-12-06,Philadelphia Flyers,2,Carolina Hurricanes,1,OT,
2008-12-06,Chicago Blackhawks,4,Detroit Red Wings,5,SO,
2008-12-06,Boston Bruins,4,Florida Panthers,0,,
2008-12-06,Columbus Blue Jackets,0,Los Angeles Kings,3,,
2008-12-06,New Jersey Devils,2,Montreal Canadiens,1,OT,
2008-12-06,Minnesota Wild,0,Nashville Predators,1,,
2008-12-06,Atlanta Thrashers,5,New York Islanders,1,,
2008-12-06,Pittsburgh Penguins,2,Ottawa Senators,3,,
2008-12-06,Edmonton Oilers,3,San Jose Sharks,2,OT,
2008-12-06,Phoenix Coyotes,3,St. Louis Blues,4,,
2008-12-06,Buffalo Sabres,4,Tampa Bay Lightning,3,,
2008-12-06,Washington Capitals,2,Toronto Maple Leafs,1,,
2008-12-07,Columbus Blue Jackets,3,Anaheim Ducks,5,,
2008-12-07,Washington Capitals,1,Carolina Hurricanes,3,,
2008-12-07,Phoenix Coyotes,1,Chicago Blackhawks,7,,
2008-12-07,Vancouver Canucks,4,Colorado Avalanche,5,SO,
2008-12-07,Calgary Flames,3,New York Rangers,0,,
2008-12-08,Tampa Bay Lightning,3,Boston Bruins,5,,
2008-12-08,Florida Panthers,4,Ottawa Senators,3,OT,
2008-12-08,Buffalo Sabres,4,Pittsburgh Penguins,3,,
2008-12-08,Nashville Predators,3,St. Louis Blues,6,,
2008-12-08,New York Islanders,2,Toronto Maple Leafs,4,,
2008-12-09,Los Angeles Kings,1,Colorado Avalanche,6,,
2008-12-09,Calgary Flames,1,Montreal Canadiens,4,,
2008-12-09,Vancouver Canucks,3,Nashville Predators,1,,
2008-12-09,New York Islanders,3,Philadelphia Flyers,4,,
2008-12-10,St. Louis Blues,2,Anaheim Ducks,4,,
2008-12-10,New York Rangers,3,Atlanta Thrashers,2,OT,
2008-12-10,Tampa Bay Lightning,2,Buffalo Sabres,4,,
2008-12-10,Ottawa Senators,0,Chicago Blackhawks,2,,
2008-12-10,Phoenix Coyotes,5,Dallas Stars,3,,
2008-12-10,Calgary Flames,3,Detroit Red Wings,4,OT,
2008-12-10,Pittsburgh Penguins,1,New Jersey Devils,4,,
2008-12-10,Boston Bruins,1,Washington Capitals,3,,
2008-12-11,Nashville Predators,1,Columbus Blue Jackets,2,SO,
2008-12-11,Florida Panthers,2,Edmonton Oilers,0,,
2008-12-11,St. Louis Blues,2,Los Angeles Kings,6,,
2008-12-11,Tampa Bay Lightning,3,Montreal Canadiens,1,,
2008-12-11,Carolina Hurricanes,5,Philadelphia Flyers,6,SO,
2008-12-11,Minnesota Wild,1,Phoenix Coyotes,3,,
2008-12-11,New York Islanders,2,Pittsburgh Penguins,9,,
2008-12-11,Anaheim Ducks,0,San Jose Sharks,2,,
2008-12-12,Boston Bruins,7,Atlanta Thrashers,3,,
2008-12-12,Toronto Maple Leafs,2,Buffalo Sabres,1,,
2008-12-12,Florida Panthers,3,Calgary Flames,2,SO,
2008-12-12,Chicago Blackhawks,4,Colorado Avalanche,3,,
2008-12-12,Detroit Red Wings,1,Dallas Stars,3,,
2008-12-12,New York Rangers,5,New Jersey Devils,8,,
2008-12-12,Ottawa Senators,1,Washington Capitals,5,,
2008-12-13,Atlanta Thrashers,2,Boston Bruins,4,,
2008-12-13,New York Islanders,1,Columbus Blue Jackets,3,,
2008-12-13,Vancouver Canucks,0,Edmonton Oilers,3,,
2008-12-13,Minnesota Wild,1,Los Angeles Kings,3,,
2008-12-13,Washington Capitals,2,Montreal Canadiens,1,,
2008-12-13,Buffalo Sabres,4,New Jersey Devils,2,,
2008-12-13,Dallas Stars,0,Nashville Predators,3,,
2008-12-13,Carolina Hurricanes,2,New York Rangers,3,SO,
2008-12-13,Tampa Bay Lightning,0,Ottawa Senators,2,,
2008-12-13,Pittsburgh Penguins,3,Philadelphia Flyers,6,,
2008-12-13,Detroit Red Wings,5,Phoenix Coyotes,4,SO,
2008-12-13,St. Louis Blues,4,San Jose Sharks,5,,
2008-12-14,Minnesota Wild,2,Anaheim Ducks,4,,
2008-12-14,Columbus Blue Jackets,1,Chicago Blackhawks,3,,
2008-12-14,Florida Panthers,3,Vancouver Canucks,5,,
2008-12-15,Colorado Avalanche,3,Detroit Red Wings,2,,
2008-12-15,San Jose Sharks,3,Los Angeles Kings,2,SO,
2008-12-16,New York Rangers,3,Anaheim Ducks,1,,
2008-12-16,Montreal Canadiens,2,Carolina Hurricanes,3,,
2008-12-16,Phoenix Coyotes,1,Dallas Stars,2,OT,
2008-12-16,Chicago Blackhawks,9,Edmonton Oilers,2,,
2008-12-16,Washington Capitals,5,New York Islanders,4,OT,
2008-12-16,Atlanta Thrashers,4,Ottawa Senators,1,,
2008-12-16,Colorado Avalanche,2,Philadelphia Flyers,5,,
2008-12-16,Calgary Flames,6,St. Louis Blues,3,,
2008-12-16,New Jersey Devils,2,Toronto Maple Leafs,3,SO,
2008-12-17,New Jersey Devils,5,Buffalo Sabres,3,,
2008-12-17,San Jose Sharks,1,Columbus Blue Jackets,2,OT,
2008-12-17,New York Rangers,3,Los Angeles Kings,2,OT,
2008-12-17,Calgary Flames,3,Minnesota Wild,2,OT,
2008-12-17,Edmonton Oilers,2,Vancouver Canucks,4,,
2008-12-18,Pittsburgh Penguins,6,Atlanta Thrashers,3,,
2008-12-18,Toronto Maple Leafs,5,Boston Bruins,8,,
2008-12-18,Florida Panthers,1,Carolina Hurricanes,2,OT,
2008-12-18,Columbus Blue Jackets,5,Dallas Stars,6,SO,
2008-12-18,San Jose Sharks,0,Detroit Red Wings,6,,
2008-12-18,Philadelphia Flyers,2,Montreal Canadiens,5,,
2008-12-18,Nashville Predators,1,Phoenix Coyotes,2,,
2008-12-18,Colorado Avalanche,2,Tampa Bay Lightning,1,SO,
2008-12-18,St. Louis Blues,2,Washington Capitals,4,,
2008-12-19,Los Angeles Kings,0,Buffalo Sabres,5,,
2008-12-19,Chicago Blackhawks,3,Calgary Flames,2,OT,
2008-12-19,Anaheim Ducks,3,Edmonton Oilers,2,SO,
2008-12-19,New York Islanders,1,Minnesota Wild,4,,
2008-12-19,Ottawa Senators,1,New Jersey Devils,5,,
2008-12-20,Tampa Bay Lightning,3,Atlanta Thrashers,4,,
2008-12-20,Carolina Hurricanes,2,Boston Bruins,4,,
2008-12-20,Los Angeles Kings,4,Detroit Red Wings,6,,
2008-12-20,Buffalo Sabres,3,Montreal Canadiens,4,OT,
2008-12-20,New York Islanders,0,Nashville Predators,1,,
2008-12-20,Dallas Stars,4,Ottawa Senators,5,OT,
2008-12-20,Washington Capitals,1,Philadelphia Flyers,7,,
2008-12-20,Columbus Blue Jackets,0,Phoenix Coyotes,2,,
2008-12-20,Toronto Maple Leafs,7,Pittsburgh Penguins,3,,
2008-12-20,New York Rangers,2,San Jose Sharks,3,,
2008-12-20,Minnesota Wild,2,St. Louis Blues,4,,
2008-12-20,Chicago Blackhawks,3,Vancouver Canucks,1,,
2008-12-21,Colorado Avalanche,0,Florida Panthers,3,,
2008-12-21,Carolina Hurricanes,3,Montreal Canadiens,2,OT,
2008-12-21,Philadelphia Flyers,2,New Jersey Devils,3,SO,
2008-12-21,Boston Bruins,6,St. Louis Blues,3,,
2008-12-22,Toronto Maple Leafs,6,Atlanta Thrashers,2,,
2008-12-22,Pittsburgh Penguins,4,Buffalo Sabres,3,OT,
2008-12-22,Phoenix Coyotes,2,Edmonton Oilers,4,,
2008-12-22,Anaheim Ducks,3,Vancouver Canucks,4,,
2008-12-23,Los Angeles Kings,3,Columbus Blue Jackets,0,,
2008-12-23,Anaheim Ducks,3,Calgary Flames,4,,
2008-12-23,Phoenix Coyotes,4,Colorado Avalanche,5,OT,
2008-12-23,St. Louis Blues,1,Detroit Red Wings,4,,
2008-12-23,Nashville Predators,0,Florida Panthers,3,,
2008-12-23,Carolina Hurricanes,2,Minnesota Wild,3,,
2008-12-23,Boston Bruins,2,New Jersey Devils,0,,
2008-12-23,Atlanta Thrashers,4,New York Islanders,2,,
2008-12-23,Washington Capitals,5,New York Rangers,4,OT,
2008-12-23,Ottawa Senators,4,Philadelphia Flyers,6,,
2008-12-23,Tampa Bay Lightning,2,Pittsburgh Penguins,0,,
2008-12-23,Vancouver Canucks,0,San Jose Sharks,5,,
2008-12-23,Dallas Stars,8,Toronto Maple Leafs,2,,
2008-12-26,Carolina Hurricanes,5,Atlanta Thrashers,4,,
2008-12-26,Philadelphia Flyers,1,Chicago Blackhawks,5,,
2008-12-26,Tampa Bay Lightning,4,Florida Panthers,3,SO,
2008-12-26,Phoenix Coyotes,2,Los Angeles Kings,1,,
2008-12-26,Pittsburgh Penguins,1,New Jersey Devils,0,,
2008-12-26,Detroit Red Wings,2,Nashville Predators,3,,
2008-12-26,Toronto Maple Leafs,1,New York Islanders,4,,
2008-12-26,Edmonton Oilers,3,Vancouver Canucks,2,,
2008-12-26,Buffalo Sabres,2,Washington Capitals,3,,
2008-12-27,New York Islanders,3,Buffalo Sabres,4,SO,
2008-12-27,Boston Bruins,4,Carolina Hurricanes,2,,
2008-12-27,Philadelphia Flyers,0,Columbus Blue Jackets,3,,
2008-12-27,Ottawa Senators,3,Calgary Flames,6,,
2008-12-27,Detroit Red Wings,3,Colorado Avalanche,4,SO,
2008-12-27,Anaheim Ducks,3,Dallas Stars,4,OT,
2008-12-27,New Jersey Devils,4,New York Rangers,2,,
2008-12-27,Los Angeles Kings,4,Phoenix Coyotes,0,,
2008-12-27,Montreal Canadiens,3,Pittsburgh Penguins,2,,
2008-12-27,San Jose Sharks,2,St. Louis Blues,3,SO,
2008-12-27,Florida Panthers,4,Tampa Bay Lightning,6,,
2008-12-28,Boston Bruins,2,Atlanta Thrashers,1,,
2008-12-28,Nashville Predators,2,Edmonton Oilers,5,,
2008-12-28,Chicago Blackhawks,4,Minnesota Wild,1,,
2008-12-28,Anaheim Ducks,4,St. Louis Blues,3,,
2008-12-28,Ottawa Senators,0,Vancouver Canucks,3,,
2008-12-28,Toronto Maple Leafs,1,Washington Capitals,4,,
2008-12-29,Minnesota Wild,1,Calgary Flames,2,,
2008-12-29,Nashville Predators,1,Colorado Avalanche,5,,
2008-12-29,San Jose Sharks,3,Dallas Stars,1,,
2008-12-29,Montreal Canadiens,5,Florida Panthers,2,,
2008-12-29,Columbus Blue Jackets,2,Los Angeles Kings,0,,
2008-12-29,New York Islanders,4,New York Rangers,5,,
2008-12-30,Washington Capitals,4,Buffalo Sabres,2,,
2008-12-30,Chicago Blackhawks,0,Detroit Red Wings,4,,
2008-12-30,Ottawa Senators,3,Edmonton Oilers,2,,
2008-12-30,Boston Bruins,5,Pittsburgh Penguins,2,,
2008-12-30,New Jersey Devils,4,St. Louis Blues,3,,
2008-12-30,Montreal Canadiens,2,Tampa Bay Lightning,1,SO,
2008-12-30,Atlanta Thrashers,3,Toronto Maple Leafs,4,OT,
2008-12-30,Philadelphia Flyers,3,Vancouver Canucks,2,,
2008-12-31,Columbus Blue Jackets,2,Anaheim Ducks,0,,
2008-12-31,Atlanta Thrashers,1,Carolina Hurricanes,3,,
2008-12-31,Edmonton Oilers,4,Calgary Flames,6,,
2008-12-31,New Jersey Devils,2,Dallas Stars,4,,
2008-12-31,San Jose Sharks,2,Minnesota Wild,3,OT,
2008-12-31,Florida Panthers,2,New York Islanders,4,,
2008-12-31,Colorado Avalanche,1,Phoenix Coyotes,3,,
2009-01-01,Pittsburgh Penguins,2,Boston Bruins,4,,
2009-01-01,Detroit Red Wings,6,Chicago Blackhawks,4,,NHL Winter Classic
2009-01-01,Vancouver Canucks,2,Nashville Predators,1,,
2009-01-01,Buffalo Sabres,4,Toronto Maple Leafs,1,,
2009-01-01,Tampa Bay Lightning,4,Washington Capitals,7,,
2009-01-02,Philadelphia Flyers,5,Anaheim Ducks,4,SO,
2009-01-02,Vancouver Canucks,3,Atlanta Thrashers,4,SO,
2009-01-02,St. Louis Blues,1,Carolina Hurricanes,2,,
2009-01-02,Columbus Blue Jackets,6,Colorado Avalanche,1,,
2009-01-02,Montreal Canadiens,1,New Jersey Devils,4,,
2009-01-02,New York Islanders,4,Phoenix Coyotes,5,,
2009-01-03,Buffalo Sabres,4,Boston Bruins,2,,
2009-01-03,Dallas Stars,1,Edmonton Oilers,4,,
2009-01-03,Philadelphia Flyers,1,Los Angeles Kings,2,SO,
2009-01-03,Detroit Red Wings,3,Minnesota Wild,2,SO,
2009-01-03,Calgary Flames,3,Nashville Predators,2,,
2009-01-03,Florida Panthers,6,Pittsburgh Penguins,1,,
2009-01-03,New York Islanders,3,San Jose Sharks,5,,
2009-01-03,Columbus Blue Jackets,2,St. Louis Blues,5,,
2009-01-03,Carolina Hurricanes,3,Tampa Bay Lightning,2,,
2009-01-03,Ottawa Senators,1,Toronto Maple Leafs,3,,
2009-01-03,New York Rangers,1,Washington Capitals,2,,
2009-01-04,Phoenix Coyotes,0,Anaheim Ducks,2,,
2009-01-04,Tampa Bay Lightning,4,Atlanta Thrashers,1,,
2009-01-04,Calgary Flames,2,Chicago Blackhawks,5,,
2009-01-04,Minnesota Wild,2,Colorado Avalanche,0,,
2009-01-04,Florida Panthers,5,Montreal Canadiens,6,SO,
2009-01-04,Ottawa Senators,3,New Jersey Devils,4,OT,
2009-01-04,Dallas Stars,3,Vancouver Canucks,2,SO,
2009-01-05,New York Islanders,2,Edmonton Oilers,3,,
2009-01-05,Pittsburgh Penguins,0,New York Rangers,4,,
2009-01-06,Los Angeles Kings,1,Anaheim Ducks,3,,
2009-01-06,Minnesota Wild,1,Boston Bruins,0,,
2009-01-06,Ottawa Senators,2,Buffalo Sabres,4,,
2009-01-06,New Jersey Devils,2,Carolina Hurricanes,3,,
2009-01-06,San Jose Sharks,2,Calgary Flames,5,,
2009-01-06,Columbus Blue Jackets,0,Detroit Red Wings,3,,
2009-01-06,Colorado Avalanche,2,Nashville Predators,1,,
2009-01-06,Chicago Blackhawks,6,Phoenix Coyotes,0,,
2009-01-06,Atlanta Thrashers,1,Pittsburgh Penguins,3,,
2009-01-06,Florida Panthers,4,Toronto Maple Leafs,2,,
2009-01-06,Philadelphia Flyers,1,Washington Capitals,2,SO,
2009-01-07,Vancouver Canucks,4,Edmonton Oilers,2,,
2009-01-07,Montreal Canadiens,6,New York Rangers,3,,
2009-01-08,Ottawa Senators,4,Boston Bruins,6,,
2009-01-08,New York Islanders,2,Calgary Flames,5,,
2009-01-08,Chicago Blackhawks,1,Colorado Avalanche,2,,
2009-01-08,Dallas Stars,1,Detroit Red Wings,6,,
2009-01-08,Carolina Hurricanes,2,Florida Panthers,4,,
2009-01-08,Anaheim Ducks,3,Los Angeles Kings,4,,
2009-01-08,Toronto Maple Leafs,2,Montreal Canadiens,6,,
2009-01-08,Atlanta Thrashers,4,New Jersey Devils,0,,
2009-01-08,Pittsburgh Penguins,3,Nashville Predators,5,,
2009-01-08,Minnesota Wild,1,Philadelphia Flyers,3,,
2009-01-08,Tampa Bay Lightning,2,Phoenix Coyotes,3,,
2009-01-09,Tampa Bay Lightning,4,Anaheim Ducks,3,,
2009-01-09,New York Rangers,1,Buffalo Sabres,2,SO,
2009-01-09,San Jose Sharks,4,Edmonton Oilers,1,,
2009-01-09,St. Louis Blues,6,Vancouver Canucks,4,,
2009-01-09,Columbus Blue Jackets,3,Washington Capitals,0,,
2009-01-10,Carolina Hurricanes,1,Boston Bruins,5,,
2009-01-10,Minnesota Wild,2,Columbus Blue Jackets,4,,
2009-01-10,Pittsburgh Penguins,3,Colorado Avalanche,5,,
2009-01-10,Buffalo Sabres,1,Detroit Red Wings,3,,
2009-01-10,Atlanta Thrashers,4,Florida Panthers,8,,
2009-01-10,New Jersey Devils,5,Los Angeles Kings,1,,
2009-01-10,Washington Capitals,4,Montreal Canadiens,5,,
2009-01-10,Chicago Blackhawks,1,Nashville Predators,4,,
2009-01-10,New York Rangers,2,Ottawa Senators,0,,
2009-01-10,Toronto Maple Leafs,1,Philadelphia Flyers,4,,
2009-01-10,Dallas Stars,0,Phoenix Coyotes,1,SO,
2009-01-10,San Jose Sharks,4,Vancouver Canucks,2,,
2009-01-11,New Jersey Devils,3,Anaheim Ducks,4,,
2009-01-11,Nashville Predators,1,Chicago Blackhawks,3,,
2009-01-11,St. Louis Blues,1,Edmonton Oilers,2,,
2009-01-12,Detroit Red Wings,4,Dallas Stars,5,OT,
2009-01-12,Tampa Bay Lightning,3,Los Angeles Kings,1,,
2009-01-13,Montreal Canadiens,1,Boston Bruins,3,,
2009-01-13,Colorado Avalanche,3,Columbus Blue Jackets,4,,
2009-01-13,St. Louis Blues,1,Calgary Flames,3,,
2009-01-13,Phoenix Coyotes,3,Minnesota Wild,6,,
2009-01-13,New York Rangers,2,New York Islanders,1,,
2009-01-13,Carolina Hurricanes,1,Ottawa Senators,5,,
2009-01-13,Pittsburgh Penguins,4,Philadelphia Flyers,2,,
2009-01-13,Tampa Bay Lightning,1,San Jose Sharks,7,,
2009-01-13,Nashville Predators,2,Toronto Maple Leafs,0,,
2009-01-13,New Jersey Devils,5,Vancouver Canucks,3,,
2009-01-13,Edmonton Oilers,5,Washington Capitals,2,,
2009-01-14,Detroit Red Wings,4,Anaheim Ducks,3,,
2009-01-14,Ottawa Senators,3,Atlanta Thrashers,2,,
2009-01-14,Buffalo Sabres,1,Chicago Blackhawks,4,,
2009-01-14,Washington Capitals,6,Pittsburgh Penguins,3,,
2009-01-15,Toronto Maple Leafs,6,Carolina Hurricanes,4,,
2009-01-15,Buffalo Sabres,5,Dallas Stars,4,SO,
2009-01-15,Detroit Red Wings,4,Los Angeles Kings,0,,
2009-01-15,Edmonton Oilers,1,Minnesota Wild,5,,
2009-01-15,Nashville Predators,2,Montreal Canadiens,3,,
2009-01-15,Boston Bruins,2,New York Islanders,1,,
2009-01-15,Calgary Flames,3,San Jose Sharks,2,,
2009-01-15,Colorado Avalanche,2,St. Louis Blues,5,,
2009-01-15,Philadelphia Flyers,1,Tampa Bay Lightning,4,,
2009-01-15,Phoenix Coyotes,4,Vancouver Canucks,1,,
2009-01-16,Toronto Maple Leafs,3,Atlanta Thrashers,4,OT,
2009-01-16,New Jersey Devils,2,Columbus Blue Jackets,1,,
2009-01-16,New York Rangers,3,Chicago Blackhawks,2,OT,
2009-01-16,Edmonton Oilers,3,Colorado Avalanche,2,,
2009-01-16,Philadelphia Flyers,3,Florida Panthers,2,SO,
2009-01-16,Anaheim Ducks,1,Pittsburgh Penguins,3,,
2009-01-17,Carolina Hurricanes,1,Buffalo Sabres,3,,
2009-01-17,Phoenix Coyotes,4,Calgary Flames,3,,
2009-01-17,Los Angeles Kings,2,Dallas Stars,3,SO,
2009-01-17,Anaheim Ducks,3,Minnesota Wild,0,,
2009-01-17,Atlanta Thrashers,7,Nashville Predators,2,,
2009-01-17,New Jersey Devils,3,New York Islanders,1,,
2009-01-17,Montreal Canadiens,5,Ottawa Senators,4,SO,
2009-01-17,Detroit Red Wings,5,San Jose Sharks,6,,
2009-01-17,Chicago Blackhawks,2,St. Louis Blues,1,OT,
2009-01-17,Florida Panthers,4,Tampa Bay Lightning,3,,
2009-01-17,Boston Bruins,1,Washington Capitals,2,,
2009-01-18,Calgary Flames,2,Colorado Avalanche,6,,
2009-01-18,Phoenix Coyotes,3,Edmonton Oilers,6,,
2009-01-18,New York Rangers,0,Pittsburgh Penguins,3,,
2009-01-18,Columbus Blue Jackets,6,Vancouver Canucks,5,SO,
2009-01-19,St. Louis Blues,5,Boston Bruins,4,SO,
2009-01-19,Minnesota Wild,4,Chicago Blackhawks,1,,
2009-01-19,Buffalo Sabres,3,Florida Panthers,2,SO,
2009-01-19,New Jersey Devils,3,Nashville Predators,1,,
2009-01-19,Washington Capitals,2,New York Islanders,1,OT,
2009-01-19,Dallas Stars,2,Tampa Bay Lightning,4,,
2009-01-19,Carolina Hurricanes,2,Toronto Maple Leafs,0,,
2009-01-20,Montreal Canadiens,2,Atlanta Thrashers,4,,
2009-01-20,Columbus Blue Jackets,3,Edmonton Oilers,4,,
2009-01-20,Los Angeles Kings,5,Minnesota Wild,2,,
2009-01-20,Anaheim Ducks,2,New York Rangers,4,,
2009-01-20,Washington Capitals,2,Ottawa Senators,3,,
2009-01-20,Detroit Red Wings,3,Phoenix Coyotes,6,,
2009-01-20,Carolina Hurricanes,2,Pittsburgh Penguins,1,,
2009-01-20,Vancouver Canucks,1,San Jose Sharks,2,OT,
2009-01-21,Columbus Blue Jackets,4,Calgary Flames,5,SO,
2009-01-21,St. Louis Blues,2,Chicago Blackhawks,0,,
2009-01-21,Los Angeles Kings,6,Colorado Avalanche,5,,
2009-01-21,Dallas Stars,4,Florida Panthers,1,,
2009-01-21,Montreal Canadiens,2,New Jersey Devils,5,,
2009-01-21,Anaheim Ducks,1,New York Islanders,2,,
2009-01-21,Atlanta Thrashers,3,Philadelphia Flyers,5,,
2009-01-21,Buffalo Sabres,3,Tampa Bay Lightning,5,,
2009-01-21,Boston Bruins,4,Toronto Maple Leafs,3,SO,
2009-01-27,Washington Capitals,2,Boston Bruins,3,OT,
2009-01-27,Detroit Red Wings,2,Columbus Blue Jackets,3,OT,
2009-01-27,San Jose Sharks,3,Colorado Avalanche,0,,
2009-01-27,Atlanta Thrashers,0,Dallas Stars,2,,
2009-01-27,Buffalo Sabres,10,Edmonton Oilers,2,,
2009-01-27,Philadelphia Flyers,2,Florida Panthers,3,,
2009-01-27,Toronto Maple Leafs,1,Minnesota Wild,6,,
2009-01-27,Carolina Hurricanes,2,New York Rangers,3,,
2009-01-27,New Jersey Devils,4,Ottawa Senators,1,,
2009-01-27,Anaheim Ducks,7,Phoenix Coyotes,3,,
2009-01-27,Montreal Canadiens,3,Tampa Bay Lightning,5,,
2009-01-28,Chicago Blackhawks,3,Anaheim Ducks,2,,
2009-01-28,Buffalo Sabres,2,Calgary Flames,5,,
2009-01-28,New York Rangers,2,Pittsburgh Penguins,6,,
2009-01-28,Nashville Predators,5,Vancouver Canucks,3,,
2009-01-29,New York Islanders,5,Atlanta Thrashers,4,,
2009-01-29,New Jersey Devils,4,Boston Bruins,3,OT,
2009-01-29,Tampa Bay Lightning,2,Carolina Hurricanes,3,,
2009-01-29,Toronto Maple Leafs,7,Colorado Avalanche,4,,
2009-01-29,Dallas Stars,4,Detroit Red Wings,2,,
2009-01-29,Montreal Canadiens,1,Florida Panthers,5,,
2009-01-29,Chicago Blackhawks,2,Los Angeles Kings,5,,
2009-01-29,Phoenix Coyotes,0,San Jose Sharks,2,,
2009-01-29,Ottawa Senators,3,St. Louis Blues,1,,
2009-01-30,Ottawa Senators,0,Columbus Blue Jackets,1,,
2009-01-30,Nashville Predators,1,Calgary Flames,3,,
2009-01-30,Minnesota Wild,1,Edmonton Oilers,3,,
2009-01-30,Pittsburgh Penguins,3,New Jersey Devils,4,OT,
2009-01-30,Philadelphia Flyers,6,Tampa Bay Lightning,1,,
2009-01-31,New York Rangers,0,Boston Bruins,1,,
2009-01-31,Atlanta Thrashers,0,Carolina Hurricanes,2,,
2009-01-31,Dallas Stars,7,Columbus Blue Jackets,3,,
2009-01-31,Anaheim Ducks,4,Colorado Avalanche,3,,
2009-01-31,Los Angeles Kings,3,Montreal Canadiens,4,,
2009-01-31,Florida Panthers,1,New York Islanders,3,,
2009-01-31,Buffalo Sabres,2,Phoenix Coyotes,0,,
2009-01-31,Chicago Blackhawks,4,San Jose Sharks,2,,
2009-01-31,Philadelphia Flyers,0,St. Louis Blues,4,,
2009-01-31,Pittsburgh Penguins,4,Toronto Maple Leafs,5,,
2009-01-31,Minnesota Wild,4,Vancouver Canucks,3,OT,
2009-01-31,Detroit Red Wings,2,Washington Capitals,4,,
2009-02-01,Nashville Predators,2,Edmonton Oilers,1,,
2009-02-01,Boston Bruins,3,Montreal Canadiens,1,,
2009-02-01,Ottawa Senators,4,Washington Capitals,7,,
2009-02-02,Buffalo Sabres,2,Anaheim Ducks,3,,
2009-02-02,Calgary Flames,3,Colorado Avalanche,4,,
2009-02-02,St. Louis Blues,3,Detroit Red Wings,4,SO,
2009-02-03,St. Louis Blues,4,Columbus Blue Jackets,2,,
2009-02-03,Calgary Flames,1,Dallas Stars,3,,
2009-02-03,Chicago Blackhawks,3,Edmonton Oilers,1,,
2009-02-03,Pittsburgh Penguins,2,Montreal Canadiens,4,,
2009-02-03,Washington Capitals,5,New Jersey Devils,2,,
2009-02-03,Phoenix Coyotes,1,Nashville Predators,2,,
2009-02-03,Tampa Bay Lightning,1,New York Islanders,3,,
2009-02-03,Atlanta Thrashers,2,New York Rangers,1,SO,
2009-02-03,Los Angeles Kings,1,Ottawa Senators,0,,
2009-02-03,Florida Panthers,4,Toronto Maple Leafs,3,OT,
2009-02-03,Carolina Hurricanes,3,Vancouver Canucks,4,,
2009-02-04,Toronto Maple Leafs,0,Buffalo Sabres,5,,
2009-02-04,Phoenix Coyotes,4,Detroit Red Wings,5,,
2009-02-04,Anaheim Ducks,0,Minnesota Wild,3,,
2009-02-04,Boston Bruins,3,Philadelphia Flyers,1,,
2009-02-04,Tampa Bay Lightning,3,Pittsburgh Penguins,4,OT,
2009-02-05,Chicago Blackhawks,5,Calgary Flames,2,,
2009-02-05,Dallas Stars,2,Colorado Avalanche,3,,
2009-02-05,New York Islanders,2,Florida Panthers,3,,
2009-02-05,Anaheim Ducks,2,Nashville Predators,4,,
2009-02-05,Boston Bruins,4,Ottawa Senators,3,SO,
2009-02-05,Carolina Hurricanes,4,San Jose Sharks,3,SO,
2009-02-05,Edmonton Oilers,2,St. Louis Blues,1,SO,
2009-02-05,Los Angeles Kings,5,Washington Capitals,4,,
2009-02-06,New Jersey Devils,5,Atlanta Thrashers,1,,
2009-02-06,Montreal Canadiens,2,Buffalo Sabres,3,,
2009-02-06,New York Rangers,2,Dallas Stars,10,,
2009-02-06,Nashville Predators,2,Minnesota Wild,0,,
2009-02-06,Columbus Blue Jackets,1,Pittsburgh Penguins,4,,
2009-02-07,Philadelphia Flyers,4,Boston Bruins,3,OT,
2009-02-07,San Jose Sharks,2,Columbus Blue Jackets,3,OT,
2009-02-07,Anaheim Ducks,2,Calgary Flames,1,,
2009-02-07,Edmonton Oilers,3,Detroit Red Wings,8,,
2009-02-07,Toronto Maple Leafs,5,Montreal Canadiens,2,,
2009-02-07,Los Angeles Kings,3,New Jersey Devils,1,,
2009-02-07,Buffalo Sabres,2,Ottawa Senators,3,SO,
2009-02-07,Carolina Hurricanes,7,Phoenix Coyotes,2,,
2009-02-07,Colorado Avalanche,1,St. Louis Blues,4,,
2009-02-07,New York Islanders,0,Tampa Bay Lightning,1,,
2009-02-07,Chicago Blackhawks,3,Vancouver Canucks,7,,
2009-02-07,Florida Panthers,1,Washington Capitals,3,,
2009-02-08,Philadelphia Flyers,3,Atlanta Thrashers,2,,
2009-02-08,Nashville Predators,1,Dallas Stars,4,,
2009-02-08,Edmonton Oilers,2,Minnesota Wild,3,SO,
2009-02-08,Detroit Red Wings,3,Pittsburgh Penguins,0,,
2009-02-09,Montreal Canadiens,2,Calgary Flames,6,,
2009-02-09,New York Rangers,0,New Jersey Devils,3,,
2009-02-10,San Jose Sharks,5,Boston Bruins,2,,
2009-02-10,Colorado Avalanche,0,Columbus Blue Jackets,3,,
2009-02-10,Toronto Maple Leafs,4,Florida Panthers,5,OT,
2009-02-10,Detroit Red Wings,5,Nashville Predators,3,,
2009-02-10,Los Angeles Kings,4,New York Islanders,3,SO,
2009-02-10,Vancouver Canucks,6,St. Louis Blues,4,,
2009-02-10,Atlanta Thrashers,3,Tampa Bay Lightning,1,,
2009-02-11,Calgary Flames,2,Anaheim Ducks,3,OT,
2009-02-11,Chicago Blackhawks,3,Atlanta Thrashers,1,,
2009-02-11,Ottawa Senators,3,Buffalo Sabres,1,,
2009-02-11,Phoenix Coyotes,1,Dallas Stars,0,,
2009-02-11,Montreal Canadiens,2,Edmonton Oilers,7,,
2009-02-11,Colorado Avalanche,2,Minnesota Wild,3,,
2009-02-11,New York Islanders,2,New Jersey Devils,4,,
2009-02-11,Washington Capitals,4,New York Rangers,5,SO,
2009-02-11,San Jose Sharks,1,Pittsburgh Penguins,2,SO,
2009-02-12,Florida Panthers,5,Carolina Hurricanes,0,,
2009-02-12,Minnesota Wild,2,Detroit Red Wings,4,,
2009-02-12,Calgary Flames,2,Los Angeles Kings,0,,
2009-02-12,St. Louis Blues,3,Nashville Predators,4,SO,
2009-02-12,Ottawa Senators,5,Philadelphia Flyers,2,,
2009-02-12,Vancouver Canucks,4,Phoenix Coyotes,3,,
2009-02-12,Toronto Maple Leafs,4,Tampa Bay Lightning,6,,
2009-02-13,San Jose Sharks,5,Buffalo Sabres,6,SO,
2009-02-13,Detroit Red Wings,2,Columbus Blue Jackets,3,,
2009-02-13,Montreal Canadiens,4,Colorado Avalanche,2,,
2009-02-13,Vancouver Canucks,1,Dallas Stars,2,,
2009-02-13,New York Rangers,1,Florida Panthers,2,SO,
2009-02-13,Boston Bruins,0,New Jersey Devils,1,,
2009-02-13,Chicago Blackhawks,0,St. Louis Blues,1,,
2009-02-14,Columbus Blue Jackets,5,Carolina Hurricanes,1,,
2009-02-14,Dallas Stars,2,Chicago Blackhawks,6,,
2009-02-14,Edmonton Oilers,3,Los Angeles Kings,2,SO,
2009-02-14,Ottawa Senators,5,Minnesota Wild,3,,
2009-02-14,Boston Bruins,2,Nashville Predators,3,SO,
2009-02-14,New York Islanders,1,Philadelphia Flyers,5,,
2009-02-14,Calgary Flames,7,Phoenix Coyotes,5,,
2009-02-14,Washington Capitals,5,Tampa Bay Lightning,1,,
2009-02-14,Pittsburgh Penguins,2,Toronto Maple Leafs,6,,
2009-02-15,Atlanta Thrashers,8,Anaheim Ducks,4,,
2009-02-15,Carolina Hurricanes,3,Buffalo Sabres,0,,
2009-02-15,Colorado Avalanche,6,Detroit Red Wings,5,SO,
2009-02-15,Washington Capitals,4,Florida Panthers,2,,
2009-02-15,San Jose Sharks,5,New Jersey Devils,6,,
2009-02-15,Philadelphia Flyers,5,New York Rangers,2,,
2009-02-15,Montreal Canadiens,2,Vancouver Canucks,4,,
2009-02-16,Dallas Stars,3,Columbus Blue Jackets,2,SO,
2009-02-16,Atlanta Thrashers,7,Los Angeles Kings,6,SO,
2009-02-16,Ottawa Senators,2,Nashville Predators,0,,
2009-02-16,Pittsburgh Penguins,2,New York Islanders,3,SO,
2009-02-16,Edmonton Oilers,3,Phoenix Coyotes,1,,
2009-02-16,New York Rangers,1,St. Louis Blues,2,,
2009-02-17,Boston Bruins,5,Carolina Hurricanes,1,,
2009-02-17,Vancouver Canucks,4,Calgary Flames,3,SO,
2009-02-17,Ottawa Senators,2,Colorado Avalanche,3,OT,
2009-02-17,New Jersey Devils,0,Florida Panthers,4,,
2009-02-17,Edmonton Oilers,2,San Jose Sharks,4,,
2009-02-17,Chicago Blackhawks,5,Tampa Bay Lightning,3,,
2009-02-17,Buffalo Sabres,4,Toronto Maple Leafs,1,,
2009-02-18,Los Angeles Kings,4,Anaheim Ducks,3,,
2009-02-18,St. Louis Blues,3,Columbus Blue Jackets,4,,
2009-02-18,Nashville Predators,2,Detroit Red Wings,6,,
2009-02-18,New York Islanders,1,New York Rangers,3,,
2009-02-18,Montreal Canadiens,3,Washington Capitals,4,SO,
2009-02-19,Edmonton Oilers,2,Dallas Stars,4,,
2009-02-19,Chicago Blackhawks,4,Florida Panthers,0,,
2009-02-19,Calgary Flames,3,Minnesota Wild,2,OT,
2009-02-19,St. Louis Blues,2,Nashville Predators,1,OT,
2009-02-19,Carolina Hurricanes,6,New York Islanders,2,,
2009-02-19,Vancouver Canucks,5,Ottawa Senators,2,,
2009-02-19,Buffalo Sabres,3,Philadelphia Flyers,6,,
2009-02-19,Atlanta Thrashers,3,Phoenix Coyotes,4,SO,
2009-02-19,Montreal Canadiens,4,Pittsburgh Penguins,5,,
2009-02-19,Los Angeles Kings,2,San Jose Sharks,4,,
2009-02-19,New Jersey Devils,3,Tampa Bay Lightning,2,SO,
2009-02-19,Columbus Blue Jackets,4,Toronto Maple Leafs,3,SO,
2009-02-20,Tampa Bay Lightning,1,Carolina Hurricanes,4,,
2009-02-20,Anaheim Ducks,2,Detroit Red Wings,5,,
2009-02-20,Colorado Avalanche,4,Washington Capitals,1,,
2009-02-21,New York Rangers,2,Buffalo Sabres,4,,
2009-02-21,Anaheim Ducks,5,Columbus Blue Jackets,2,,
2009-02-21,Chicago Blackhawks,3,Dallas Stars,1,,
2009-02-21,Calgary Flames,3,Edmonton Oilers,2,SO,
2009-02-21,Boston Bruins,0,Florida Panthers,2,,
2009-02-21,Phoenix Coyotes,6,Los Angeles Kings,3,,
2009-02-21,Detroit Red Wings,2,Minnesota Wild,5,,
2009-02-21,Ottawa Senators,3,Montreal Canadiens,5,,
2009-02-21,New Jersey Devils,0,New York Islanders,4,,
2009-02-21,Pittsburgh Penguins,5,Philadelphia Flyers,4,,
2009-02-21,Atlanta Thrashers,1,San Jose Sharks,3,,
2009-02-21,Nashville Predators,1,St. Louis Blues,0,OT,
2009-02-21,Vancouver Canucks,3,Toronto Maple Leafs,2,SO,
2009-02-22,Colorado Avalanche,2,Carolina Hurricanes,5,,
2009-02-22,Minnesota Wild,2,Chicago Blackhawks,1,,
2009-02-22,Toronto Maple Leafs,3,New York Rangers,2,OT,
2009-02-22,Boston Bruins,3,Tampa Bay Lightning,4,,
2009-02-22,Pittsburgh Penguins,2,Washington Capitals,5,,
2009-02-23,San Jose Sharks,1,Dallas Stars,0,,
2009-02-24,Colorado Avalanche,3,Atlanta Thrashers,4,,
2009-02-24,Florida Panthers,1,Boston Bruins,6,,
2009-02-24,Anaheim Ducks,3,Buffalo Sabres,2,,
2009-02-24,Columbus Blue Jackets,1,Calgary Flames,4,,
2009-02-24,Tampa Bay Lightning,3,Edmonton Oilers,5,,
2009-02-24,Los Angeles Kings,2,Minnesota Wild,1,SO,
2009-02-24,Vancouver Canucks,0,Montreal Canadiens,3,,
2009-02-24,Chicago Blackhawks,3,Nashville Predators,5,,
2009-02-24,Carolina Hurricanes,2,Ottawa Senators,4,,
2009-02-24,Phoenix Coyotes,1,St. Louis Blues,2,,
2009-02-24,Philadelphia Flyers,4,Washington Capitals,2,,
2009-02-25,San Jose Sharks,1,Detroit Red Wings,4,,
2009-02-25,Los Angeles Kings,0,Philadelphia Flyers,2,,
2009-02-25,New York Islanders,0,Pittsburgh Penguins,1,,
2009-02-25,New York Rangers,1,Toronto Maple Leafs,2,SO,
2009-02-26,Anaheim Ducks,0,Boston Bruins,6,,
2009-02-26,Buffalo Sabres,1,Carolina Hurricanes,2,SO,
2009-02-26,St. Louis Blues,3,Dallas Stars,1,,
2009-02-26,Columbus Blue Jackets,1,Edmonton Oilers,0,,
2009-02-26,Colorado Avalanche,0,New Jersey Devils,4,,
2009-02-26,Phoenix Coyotes,1,Nashville Predators,4,,
2009-02-26,Toronto Maple Leafs,5,New York Islanders,4,SO,
2009-02-26,Florida Panthers,2,New York Rangers,1,,
2009-02-26,San Jose Sharks,2,Ottawa Senators,1,,
2009-02-26,Atlanta Thrashers,3,Washington Capitals,4,,
2009-02-27,Minnesota Wild,1,Calgary Flames,4,,
2009-02-27,Pittsburgh Penguins,5,Chicago Blackhawks,4,OT,
2009-02-27,Los Angeles Kings,1,Detroit Red Wings,2,,
2009-02-27,Montreal Canadiens,4,Philadelphia Flyers,3,OT,
2009-02-27,Tampa Bay Lightning,1,Vancouver Canucks,2,,
2009-02-28,Carolina Hurricanes,3,Atlanta Thrashers,5,,
2009-02-28,Washington Capitals,4,Boston Bruins,3,OT,
2009-02-28,Anaheim Ducks,4,Dallas Stars,3,,
2009-02-28,Minnesota Wild,2,Edmonton Oilers,3,,
2009-02-28,San Jose Sharks,2,Montreal Canadiens,3,,
2009-02-28,Florida Panthers,2,New Jersey Devils,7,,
2009-02-28,Detroit Red Wings,0,Nashville Predators,8,,
2009-02-28,Buffalo Sabres,0,New York Islanders,2,,
2009-02-28,Colorado Avalanche,1,New York Rangers,6,,
2009-02-28,Toronto Maple Leafs,4,Ottawa Senators,3,OT,
2009-02-28,St. Louis Blues,3,Phoenix Coyotes,1,,
2009-03-01,Tampa Bay Lightning,8,Calgary Flames,6,,
2009-03-01,Los Angeles Kings,2,Chicago Blackhawks,4,,
2009-03-01,Pittsburgh Penguins,4,Dallas Stars,1,,
2009-03-01,Philadelphia Flyers,0,New Jersey Devils,3,,
2009-03-01,Columbus Blue Jackets,1,Vancouver Canucks,3,,
2009-03-01,Florida Panthers,6,Washington Capitals,2,,
2009-03-02,Colorado Avalanche,2,New York Islanders,4,,
2009-03-03,Florida Panthers,4,Atlanta Thrashers,3,,
2009-03-03,Philadelphia Flyers,4,Boston Bruins,2,,
2009-03-03,Los Angeles Kings,4,Columbus Blue Jackets,5,,
2009-03-03,Anaheim Ducks,2,Chicago Blackhawks,3,OT,
2009-03-03,Edmonton Oilers,5,Nashville Predators,6,OT,
2009-03-03,Calgary Flames,6,Ottawa Senators,3,,
2009-03-03,Dallas Stars,4,San Jose Sharks,1,,
2009-03-03,Detroit Red Wings,5,St. Louis Blues,0,,
2009-03-03,Pittsburgh Penguins,3,Tampa Bay Lightning,1,,
2009-03-03,New Jersey Devils,3,Toronto Maple Leafs,2,OT,
2009-03-03,Minnesota Wild,2,Vancouver Canucks,4,,
2009-03-03,Carolina Hurricanes,5,Washington Capitals,2,,
2009-03-04,Montreal Canadiens,1,Buffalo Sabres,5,,
2009-03-04,Detroit Red Wings,3,Colorado Avalanche,2,,
2009-03-05,Phoenix Coyotes,2,Boston Bruins,1,,
2009-03-05,Pittsburgh Penguins,4,Florida Panthers,1,,
2009-03-05,Dallas Stars,4,Los Angeles Kings,5,OT,
2009-03-05,Columbus Blue Jackets,2,Nashville Predators,4,,
2009-03-05,New York Rangers,4,New York Islanders,2,,
2009-03-05,Edmonton Oilers,2,Ottawa Senators,4,,
2009-03-05,Calgary Flames,5,Philadelphia Flyers,1,,
2009-03-05,Minnesota Wild,4,San Jose Sharks,3,OT,
2009-03-05,Toronto Maple Leafs,2,Washington Capitals,1,,
2009-03-06,Dallas Stars,3,Anaheim Ducks,2,,
2009-03-06,Montreal Canadiens,0,Atlanta Thrashers,2,,
2009-03-06,Phoenix Coyotes,1,Buffalo Sabres,5,,
2009-03-06,Calgary Flames,1,Carolina Hurricanes,6,,
2009-03-06,St. Louis Blues,4,Tampa Bay Lightning,3,OT,
2009-03-07,Chicago Blackhawks,3,Boston Bruins,5,,
2009-03-07,Columbus Blue Jackets,8,Detroit Red Wings,2,,
2009-03-07,St. Louis Blues,3,Florida Panthers,5,,
2009-03-07,Minnesota Wild,3,Los Angeles Kings,4,,
2009-03-07,New Jersey Devils,3,New York Islanders,7,,
2009-03-07,Buffalo Sabres,3,Ottawa Senators,6,,
2009-03-07,Nashville Predators,1,Philadelphia Flyers,4,,
2009-03-07,Carolina Hurricanes,9,Tampa Bay Lightning,3,,
2009-03-07,Edmonton Oilers,4,Toronto Maple Leafs,1,,
2009-03-07,San Jose Sharks,1,Vancouver Canucks,3,,
2009-03-08,Minnesota Wild,3,Anaheim Ducks,2,,
2009-03-08,Calgary Flames,2,Atlanta Thrashers,5,,
2009-03-08,Colorado Avalanche,5,Chicago Blackhawks,1,,
2009-03-08,Montreal Canadiens,3,Dallas Stars,1,,
2009-03-08,Phoenix Coyotes,2,New York Islanders,3,,
2009-03-08,Boston Bruins,3,New York Rangers,4,,
2009-03-08,Pittsburgh Penguins,4,Washington Capitals,3,SO,
2009-03-09,New York Rangers,0,Carolina Hurricanes,3,,
2009-03-09,Vancouver Canucks,2,Los Angeles Kings,3,,
2009-03-09,Toronto Maple Leafs,1,Ottawa Senators,2,,
2009-03-10,Boston Bruins,0,Columbus Blue Jackets,2,,
2009-03-10,Atlanta Thrashers,3,Colorado Avalanche,0,,
2009-03-10,Phoenix Coyotes,2,Detroit Red Wings,3,OT,
2009-03-10,San Jose Sharks,5,Minnesota Wild,4,OT,
2009-03-10,Edmonton Oilers,3,Montreal Canadiens,4,OT,
2009-03-10,Calgary Flames,2,New Jersey Devils,3,,
2009-03-10,Washington Capitals,2,Nashville Predators,1,OT,
2009-03-10,Buffalo Sabres,2,Philadelphia Flyers,5,,
2009-03-10,Florida Panthers,3,Pittsburgh Penguins,4,SO,
2009-03-10,Dallas Stars,2,St. Louis Blues,5,,
2009-03-10,New York Islanders,2,Toronto Maple Leafs,3,OT,
2009-03-11,Vancouver Canucks,3,Anaheim Ducks,4,OT,
2009-03-11,Carolina Hurricanes,2,Chicago Blackhawks,3,SO,
2009-03-11,Tampa Bay Lightning,2,Ottawa Senators,3,OT,
2009-03-12,Ottawa Senators,3,Boston Bruins,5,,
2009-03-12,Florida Panthers,1,Buffalo Sabres,3,,
2009-03-12,Pittsburgh Penguins,3,Columbus Blue Jackets,4,SO,
2009-03-12,Minnesota Wild,1,Colorado Avalanche,2,SO,
2009-03-12,Carolina Hurricanes,2,Dallas Stars,3,,
2009-03-12,Calgary Flames,6,Detroit Red Wings,5,SO,
2009-03-12,Atlanta Thrashers,4,Edmonton Oilers,3,OT,
2009-03-12,New York Islanders,3,Montreal Canadiens,2,OT,
2009-03-12,Phoenix Coyotes,2,New Jersey Devils,5,,
2009-03-12,New York Rangers,4,Nashville Predators,2,,
2009-03-12,Washington Capitals,2,Philadelphia Flyers,1,,
2009-03-12,San Jose Sharks,1,St. Louis Blues,3,,
2009-03-12,Tampa Bay Lightning,4,Toronto Maple Leafs,1,,
2009-03-13,Columbus Blue Jackets,5,Chicago Blackhawks,3,,
2009-03-13,Los Angeles Kings,2,Vancouver Canucks,4,,
2009-03-14,New York Islanders,1,Boston Bruins,2,,
2009-03-14,Atlanta Thrashers,4,Buffalo Sabres,3,SO,
2009-03-14,Minnesota Wild,2,Dallas Stars,3,OT,
2009-03-14,Colorado Avalanche,3,Edmonton Oilers,2,OT,
2009-03-14,Tampa Bay Lightning,4,Florida Panthers,3,SO,
2009-03-14,New Jersey Devils,3,Montreal Canadiens,1,,
2009-03-14,New York Rangers,2,Philadelphia Flyers,4,,
2009-03-14,Nashville Predators,2,Phoenix Coyotes,0,,
2009-03-14,Ottawa Senators,4,Pittsburgh Penguins,3,SO,
2009-03-14,Los Angeles Kings,1,San Jose Sharks,2,SO,
2009-03-14,Detroit Red Wings,5,St. Louis Blues,2,,
2009-03-14,Calgary Flames,6,Toronto Maple Leafs,8,,
2009-03-14,Carolina Hurricanes,4,Washington Capitals,5,SO,
2009-03-15,San Jose Sharks,1,Anaheim Ducks,0,,
2009-03-15,Detroit Red Wings,4,Columbus Blue Jackets,0,,
2009-03-15,New York Islanders,4,Chicago Blackhawks,2,,
2009-03-15,Philadelphia Flyers,1,New York Rangers,4,,
2009-03-15,Boston Bruins,4,Pittsburgh Penguins,6,,
2009-03-15,Minnesota Wild,3,St. Louis Blues,5,,
2009-03-15,Colorado Avalanche,2,Vancouver Canucks,4,,
2009-03-16,Washington Capitals,1,Atlanta Thrashers,5,,
2009-03-16,Nashville Predators,4,Los Angeles Kings,3,,
2009-03-17,Philadelphia Flyers,2,Detroit Red Wings,3,,
2009-03-17,St. Louis Blues,1,Edmonton Oilers,2,SO,
2009-03-17,Washington Capitals,3,Florida Panthers,0,,
2009-03-17,Colorado Avalanche,2,Minnesota Wild,3,SO,
2009-03-17,New York Rangers,4,Montreal Canadiens,3,SO,
2009-03-17,Chicago Blackhawks,2,New Jersey Devils,3,,
2009-03-17,Buffalo Sabres,2,Ottawa Senators,4,,
2009-03-17,San Jose Sharks,3,Phoenix Coyotes,4,,
2009-03-17,Atlanta Thrashers,2,Pittsburgh Penguins,6,,
2009-03-17,Toronto Maple Leafs,4,Tampa Bay Lightning,3,SO,
2009-03-17,Dallas Stars,2,Vancouver Canucks,4,,
2009-03-18,Nashville Predators,3,Anaheim Ducks,4,OT,
2009-03-18,New Jersey Devils,2,Carolina Hurricanes,4,,
2009-03-18,Chicago Blackhawks,3,Columbus Blue Jackets,4,OT,
2009-03-18,Dallas Stars,1,Calgary Flames,2,,
2009-03-19,Los Angeles Kings,3,Boston Bruins,2,OT,
2009-03-19,Edmonton Oilers,8,Colorado Avalanche,1,,
2009-03-19,Toronto Maple Leafs,1,Florida Panthers,3,,
2009-03-19,Montreal Canadiens,4,Ottawa Senators,5,,
2009-03-19,Anaheim Ducks,3,Phoenix Coyotes,2,SO,
2009-03-19,Nashville Predators,2,San Jose Sharks,3,SO,
2009-03-19,Washington Capitals,5,Tampa Bay Lightning,2,,
2009-03-19,St. Louis Blues,0,Vancouver Canucks,3,,
2009-03-20,Detroit Red Wings,6,Atlanta Thrashers,3,,
2009-03-20,Philadelphia Flyers,6,Buffalo Sabres,4,,
2009-03-20,New York Islanders,4,Carolina Hurricanes,5,,
2009-03-20,St. Louis Blues,3,Calgary Flames,2,,
2009-03-20,Edmonton Oilers,5,Chicago Blackhawks,4,SO,
2009-03-20,Minnesota Wild,0,New Jersey Devils,4,,
2009-03-20,Los Angeles Kings,1,Pittsburgh Penguins,4,,
2009-03-21,Washington Capitals,1,Carolina Hurricanes,4,,
2009-03-21,Columbus Blue Jackets,3,Florida Panthers,1,,
2009-03-21,Toronto Maple Leafs,5,Montreal Canadiens,2,,
2009-03-21,Buffalo Sabres,3,New York Rangers,5,,
2009-03-21,New York Islanders,2,Ottawa Senators,5,,
2009-03-21,Vancouver Canucks,1,Phoenix Coyotes,5,,
2009-03-21,Dallas Stars,2,San Jose Sharks,5,,
2009-03-21,Atlanta Thrashers,4,Tampa Bay Lightning,3,SO,
2009-03-22,Phoenix Coyotes,2,Anaheim Ducks,6,,
2009-03-22,New Jersey Devils,1,Boston Bruins,4,,
2009-03-22,Los Angeles Kings,1,Chicago Blackhawks,4,,
2009-03-22,Edmonton Oilers,0,Minnesota Wild,3,,
2009-03-22,Ottawa Senators,2,New York Rangers,1,,
2009-03-22,Philadelphia Flyers,3,Pittsburgh Penguins,1,,
2009-03-22,Colorado Avalanche,1,San Jose Sharks,3,,
2009-03-23,Detroit Red Wings,3,Calgary Flames,5,,
2009-03-23,Carolina Hurricanes,3,Florida Panthers,2,OT,
2009-03-23,New Jersey Devils,2,Philadelphia Flyers,4,,
2009-03-24,Vancouver Canucks,5,Dallas Stars,2,,
2009-03-24,Detroit Red Wings,3,Edmonton Oilers,2,,
2009-03-24,Atlanta Thrashers,3,Montreal Canadiens,6,,
2009-03-24,Anaheim Ducks,2,Nashville Predators,1,SO,
2009-03-24,Minnesota Wild,1,New York Rangers,2,,
2009-03-24,Los Angeles Kings,0,St. Louis Blues,2,,
2009-03-24,Columbus Blue Jackets,1,Tampa Bay Lightning,2,OT,
2009-03-24,Washington Capitals,2,Toronto Maple Leafs,3,SO,
2009-03-25,Florida Panthers,3,Buffalo Sabres,5,,
2009-03-25,Ottawa Senators,1,Carolina Hurricanes,2,,
2009-03-25,San Jose Sharks,5,Chicago Blackhawks,6,SO,
2009-03-25,Anaheim Ducks,7,Colorado Avalanche,2,,
2009-03-25,Minnesota Wild,6,New York Islanders,2,,
2009-03-25,Calgary Flames,0,Pittsburgh Penguins,2,,
2009-03-26,New York Rangers,4,Atlanta Thrashers,5,SO,
2009-03-26,Calgary Flames,0,Columbus Blue Jackets,5,,
2009-03-26,Los Angeles Kings,1,Dallas Stars,0,SO,
2009-03-26,Tampa Bay Lightning,2,Montreal Canadiens,3,OT,
2009-03-26,San Jose Sharks,2,Nashville Predators,3,,
2009-03-26,Florida Panthers,4,Philadelphia Flyers,2,,
2009-03-26,Edmonton Oilers,2,Phoenix Coyotes,3,,
2009-03-26,Vancouver Canucks,2,St. Louis Blues,4,,
2009-03-27,Edmonton Oilers,5,Anaheim Ducks,3,,
2009-03-27,Toronto Maple Leafs,3,Buffalo Sabres,5,,
2009-03-27,New Jersey Devils,2,Chicago Blackhawks,3,OT,
2009-03-27,Vancouver Canucks,4,Colorado Avalanche,1,,
2009-03-27,New York Islanders,2,Detroit Red Wings,0,,
2009-03-27,Tampa Bay Lightning,3,Washington Capitals,5,,
2009-03-28,Ottawa Senators,3,Atlanta Thrashers,6,,
2009-03-28,Minnesota Wild,2,Calgary Flames,3,,
2009-03-28,Florida Panthers,6,Dallas Stars,3,,
2009-03-28,Buffalo Sabres,4,Montreal Canadiens,3,SO,
2009-03-28,Carolina Hurricanes,2,New Jersey Devils,1,,
2009-03-28,Los Angeles Kings,3,Nashville Predators,4,OT,
2009-03-28,Philadelphia Flyers,4,New York Islanders,3,SO,
2009-03-28,New York Rangers,3,Pittsburgh Penguins,4,,
2009-03-28,Phoenix Coyotes,2,San Jose Sharks,3,,
2009-03-28,Columbus Blue Jackets,3,St. Louis Blues,4,SO,
2009-03-28,Boston Bruins,7,Toronto Maple Leafs,5,,
2009-03-29,Colorado Avalanche,1,Anaheim Ducks,4,,
2009-03-29,St. Louis Blues,5,Columbus Blue Jackets,2,,
2009-03-29,Vancouver Canucks,4,Chicago Blackhawks,0,,
2009-03-29,Nashville Predators,4,Detroit Red Wings,3,,
2009-03-29,Minnesota Wild,3,Edmonton Oilers,2,,
2009-03-29,Boston Bruins,4,Philadelphia Flyers,3,,
2009-03-29,Ottawa Senators,3,Tampa Bay Lightning,0,,
2009-03-30,San Jose Sharks,2,Calgary Flames,1,,
2009-03-30,New Jersey Devils,0,New York Rangers,3,,
2009-03-30,Dallas Stars,5,Phoenix Coyotes,6,OT,
2009-03-31,Tampa Bay Lightning,1,Boston Bruins,3,,
2009-03-31,Nashville Predators,1,Columbus Blue Jackets,2,,
2009-03-31,Anaheim Ducks,5,Edmonton Oilers,3,,
2009-03-31,Ottawa Senators,2,Florida Panthers,5,,
2009-03-31,Dallas Stars,3,Los Angeles Kings,2,,
2009-03-31,Vancouver Canucks,2,Minnesota Wild,1,OT,
2009-03-31,Chicago Blackhawks,1,Montreal Canadiens,4,,
2009-04-01,Buffalo Sabres,2,Atlanta Thrashers,3,OT,
2009-04-01,St. Louis Blues,1,Chicago Blackhawks,3,,
2009-04-01,Phoenix Coyotes,3,Colorado Avalanche,0,,
2009-04-01,New Jersey Devils,1,Pittsburgh Penguins,6,,
2009-04-01,Philadelphia Flyers,2,Toronto Maple Leafs,3,,
2009-04-01,New York Islanders,3,Washington Capitals,5,,
2009-04-02,Ottawa Senators,1,Boston Bruins,2,,
2009-04-02,New York Rangers,2,Carolina Hurricanes,4,,
2009-04-02,Calgary Flames,2,Dallas Stars,1,,
2009-04-02,St. Louis Blues,5,Detroit Red Wings,4,,
2009-04-02,San Jose Sharks,2,Edmonton Oilers,1,,
2009-04-02,Montreal Canadiens,5,New York Islanders,1,,
2009-04-02,Los Angeles Kings,1,Phoenix Coyotes,2,,
2009-04-02,Anaheim Ducks,6,Vancouver Canucks,5,SO,
2009-04-03,Nashville Predators,1,Chicago Blackhawks,3,,
2009-04-03,Atlanta Thrashers,3,Florida Panthers,1,,
2009-04-03,Calgary Flames,0,Minnesota Wild,4,,
2009-04-03,Tampa Bay Lightning,4,New Jersey Devils,5,OT,
2009-04-03,Toronto Maple Leafs,5,Philadelphia Flyers,8,,
2009-04-03,Buffalo Sabres,5,Washington Capitals,4,OT,
2009-04-04,New York Rangers,0,Boston Bruins,1,,
2009-04-04,New Jersey Devils,3,Buffalo Sabres,2,,
2009-04-04,Pittsburgh Penguins,2,Carolina Hurricanes,3,OT,
2009-04-04,St. Louis Blues,4,Dallas Stars,5,OT,
2009-04-04,Vancouver Canucks,3,Edmonton Oilers,5,,
2009-04-04,Phoenix Coyotes,1,Los Angeles Kings,6,,
2009-04-04,Columbus Blue Jackets,4,Nashville Predators,5,SO,
2009-04-04,Tampa Bay Lightning,1,New York Islanders,3,,
2009-04-04,Philadelphia Flyers,3,Ottawa Senators,4,SO,
2009-04-04,Anaheim Ducks,5,San Jose Sharks,2,,
2009-04-04,Montreal Canadiens,6,Toronto Maple Leafs,2,,
2009-04-05,San Jose Sharks,3,Anaheim Ducks,2,,
2009-04-05,Chicago Blackhawks,1,Columbus Blue Jackets,0,OT,
2009-04-05,Minnesota Wild,2,Detroit Red Wings,3,,
2009-04-05,Pittsburgh Penguins,2,Florida Panthers,4,,
2009-04-05,Colorado Avalanche,4,Vancouver Canucks,1,,
2009-04-05,Atlanta Thrashers,4,Washington Capitals,6,,
2009-04-06,Detroit Red Wings,4,Buffalo Sabres,1,,
2009-04-06,Los Angeles Kings,1,Calgary Flames,4,,
2009-04-06,Ottawa Senators,3,Montreal Canadiens,2,,
2009-04-07,Washington Capitals,4,Atlanta Thrashers,2,,
2009-04-07,New York Islanders,0,Carolina Hurricanes,9,,
2009-04-07,Los Angeles Kings,2,Edmonton Oilers,1,,
2009-04-07,Dallas Stars,1,Minnesota Wild,3,,
2009-04-07,Toronto Maple Leafs,4,New Jersey Devils,1,,
2009-04-07,Chicago Blackhawks,4,Nashville Predators,2,,
2009-04-07,Montreal Canadiens,1,New York Rangers,3,,
2009-04-07,Boston Bruins,2,Ottawa Senators,3,,
2009-04-07,Florida Panthers,1,Philadelphia Flyers,2,,
2009-04-07,St. Louis Blues,5,Phoenix Coyotes,1,,
2009-04-07,Colorado Avalanche,0,San Jose Sharks,1,SO,
2009-04-07,Pittsburgh Penguins,6,Tampa Bay Lightning,4,,
2009-04-07,Calgary Flames,1,Vancouver Canucks,4,,
2009-04-08,Columbus Blue Jackets,4,Chicago Blackhawks,3,SO,
2009-04-08,Buffalo Sabres,3,Toronto Maple Leafs,1,,
2009-04-09,Florida Panthers,3,Atlanta Thrashers,2,,
2009-04-09,Montreal Canadiens,4,Boston Bruins,5,OT,
2009-04-09,Buffalo Sabres,5,Carolina Hurricanes,1,,
2009-04-09,Dallas Stars,3,Colorado Avalanche,2,SO,
2009-04-09,Nashville Predators,4,Detroit Red Wings,3,SO,
2009-04-09,Philadelphia Flyers,1,New York Rangers,2,,
2009-04-09,New Jersey Devils,3,Ottawa Senators,2,SO,
2009-04-09,New York Islanders,1,Pittsburgh Penguins,6,,
2009-04-09,Phoenix Coyotes,4,San Jose Sharks,1,,
2009-04-09,Washington Capitals,4,Tampa Bay Lightning,2,,
2009-04-09,Los Angeles Kings,0,Vancouver Canucks,1,,
2009-04-10,Dallas Stars,3,Anaheim Ducks,4,SO,
2009-04-10,Calgary Flames,1,Edmonton Oilers,5,,
2009-04-10,Nashville Predators,4,Minnesota Wild,8,,
2009-04-10,Columbus Blue Jackets,1,St. Louis Blues,3,,
2009-04-11,Tampa Bay Lightning,2,Atlanta Thrashers,6,,
2009-04-11,Boston Bruins,1,Buffalo Sabres,6,,
2009-04-11,Minnesota Wild,6,Columbus Blue Jackets,3,,
2009-04-11,Edmonton Oilers,1,Calgary Flames,4,,
2009-04-11,Vancouver Canucks,1,Colorado Avalanche,0,OT,
2009-04-11,Chicago Blackhawks,4,Detroit Red Wings,2,,
2009-04-11,Washington Capitals,4,Florida Panthers,7,,
2009-04-11,San Jose Sharks,3,Los Angeles Kings,4,,
2009-04-11,Pittsburgh Penguins,3,Montreal Canadiens,1,,
2009-04-11,Carolina Hurricanes,2,New Jersey Devils,3,,
2009-04-11,Philadelphia Flyers,3,New York Islanders,2,,
2009-04-11,Anaheim Ducks,4,Phoenix Coyotes,5,SO,
2009-04-11,Ottawa Senators,2,Toronto Maple Leafs,5,,
2009-04-12,Detroit Red Wings,0,Chicago Blackhawks,3,,
2009-04-12,St. Louis Blues,1,Colorado Avalanche,0,,
2009-04-12,Boston Bruins,6,New York Islanders,2,,
2009-04-12,New York Rangers,4,Philadelphia Flyers,3,,
